"","Name","Total","Made","Percent_Made"
"1","Andre Iguodala",210,134,63.8095238095238
"2","Kevin Durant",643,390,60.6531881804043
"3","Stephen Curry",563,304,53.9964476021314
"4","Klay Thompson",640,329,51.40625
"5","Draymond Green",346,171,49.4219653179191
