"","Name","Total","Made","Percent_Made"
"1","Klay Thompson",580,246,42.4137931034483
"2","Stephen Curry",687,280,40.7569141193595
"3","Kevin Durant",272,105,38.6029411764706
"4","Andre Iguodala",161,58,36.0248447204969
"5","Draymond Green",232,74,31.8965517241379
